"ICT-gebruik bij bedrijven; bedrijfsgrootte, 2015"
"Onderwerpen_1";"Onderwerpen_2";"Onderwerpen_3";"Onderwerpen_4";"Onderwerpen_5";"Bedrijfsgrootte";"10 of meer werkzame personen";"10 tot 20 werkzame personen";"20 tot 50 werkzame personen";"50 tot 100 werkzame personen";"100 tot 250 werkzame personen";"250 tot 500 werkzame personen";"500 of meer werkzame personen"
"Personeel en ICT";"Personeel dat werkt met een computer";"Personeel dat werkt met een computer";"Personeel dat werkt met een computer";"Personeel dat werkt met een computer";"% van werkzame personen";"71";"63";"65";"65";"68";"71";"75"
"Personeel en ICT";"Personeel dat werkt met internet";"Personeel dat werkt met internet";"Personeel dat werkt met internet";"Personeel dat werkt met internet";"% van werkzame personen";"66";"60";"60";"61";"64";"64";"70"
"Personeel en ICT";"Personeel dat werkt met mobiel internet";"Personeel dat werkt met mobiel internet";"Personeel dat werkt met mobiel internet";"Personeel dat werkt met mobiel internet";"% van werkzame personen";"28";"23";"24";"24";"26";"26";"31"
"Personeel en ICT";"Telewerkers";"Telewerkers";"Telewerkers";"Telewerkers";"% van werkzame personen";"26";"22";"23";"23";"26";"27";"29"
"Personeel en ICT";"Telewerk komt voor";"Telewerk komt voor";"Telewerk komt voor";"Telewerk komt voor";"% van bedrijven";"74";"65";"78";"88";"93";"95";"96"
"Personeel en ICT";"ICT-pers. aangenomen/willen aannemen";"ICT-pers. aangenomen/willen aannemen";"ICT-pers. aangenomen/willen aannemen";"ICT-pers. aangenomen/willen aannemen";"% van bedrijven";"9";"5";"7";"11";"19";"33";"49"
"Personeel en ICT";"ICT-vacatures lastig te vervullen";"ICT-vacatures lastig te vervullen";"ICT-vacatures lastig te vervullen";"ICT-vacatures lastig te vervullen";"% van bedrijven";"4";"3";"4";"5";"10";"15";"27"
"Personeel en ICT";"ICT-cursus aan ICT-specialisten";"ICT-cursus aan ICT-specialisten";"ICT-cursus aan ICT-specialisten";"ICT-cursus aan ICT-specialisten";"% van bedrijven";"14";"5";"13";"26";"40";"58";"74"
"Personeel en ICT";"ICT-cursus aan overig personeel";"ICT-cursus aan overig personeel";"ICT-cursus aan overig personeel";"ICT-cursus aan overig personeel";"% van bedrijven";"10";"5";"10";"14";"23";"34";"40"
"Personeel en ICT";"Type ICT-werkzaamheden";"Onderhoud van ICT-infrastructuur";"Voorn. uitg. door eigen personeel";"Voorn. uitg. door eigen personeel";"% van bedrijven";"29";"22";"28";"36";"49";"56";"60"
"Personeel en ICT";"Type ICT-werkzaamheden";"Onderhoud van ICT-infrastructuur";"Voorn. uitg. door externe leveranciers";"Voorn. uitg. door externe leveranciers";"% van bedrijven";"63";"66";"67";"60";"47";"41";"38"
"Personeel en ICT";"Type ICT-werkzaamheden";"Onderhoud van ICT-infrastructuur";"Niet van toepassing";"Niet van toepassing";"% van bedrijven";"8";"12";"5";"4";"3";"3";"2"
"Personeel en ICT";"Type ICT-werkzaamheden";"Ondersteuning van office software";"Voorn. uitg. door eigen personeel";"Voorn. uitg. door eigen personeel";"% van bedrijven";"42";"35";"43";"54";"65";"72";"71"
"Personeel en ICT";"Type ICT-werkzaamheden";"Ondersteuning van office software";"Voorn. uitg. door externe leveranciers";"Voorn. uitg. door externe leveranciers";"% van bedrijven";"43";"46";"46";"39";"29";"24";"23"
"Personeel en ICT";"Type ICT-werkzaamheden";"Ondersteuning van office software";"Niet van toepassing";"Niet van toepassing";"% van bedrijven";"14";"19";"11";"7";"7";"4";"6"
"Personeel en ICT";"Type ICT-werkzaamheden";"Ontwerp/ontwikkeling bedrijfsv.software ";"Voorn. uitg. door eigen personeel";"Voorn. uitg. door eigen personeel";"% van bedrijven";"17";"13";"17";"21";"28";"33";"30"
"Personeel en ICT";"Type ICT-werkzaamheden";"Ontwerp/ontwikkeling bedrijfsv.software ";"Voorn. uitg. door externe leveranciers";"Voorn. uitg. door externe leveranciers";"% van bedrijven";"53";"49";"55";"59";"56";"56";"58"
"Personeel en ICT";"Type ICT-werkzaamheden";"Ontwerp/ontwikkeling bedrijfsv.software ";"Niet van toepassing";"Niet van toepassing";"% van bedrijven";"31";"39";"28";"20";"16";"11";"12"
"Personeel en ICT";"Type ICT-werkzaamheden";"Ondersteuning bedrijfsvoeringssoftware";"Voorn. uitg. door eigen personeel";"Voorn. uitg. door eigen personeel";"% van bedrijven";"22";"15";"22";"32";"44";"51";"58"
"Personeel en ICT";"Type ICT-werkzaamheden";"Ondersteuning bedrijfsvoeringssoftware";"Voorn. uitg. door externe leveranciers";"Voorn. uitg. door externe leveranciers";"% van bedrijven";"54";"52";"59";"57";"48";"45";"38"
"Personeel en ICT";"Type ICT-werkzaamheden";"Ondersteuning bedrijfsvoeringssoftware";"Niet van toepassing";"Niet van toepassing";"% van bedrijven";"24";"34";"19";"11";"8";"4";"4"
"Personeel en ICT";"Type ICT-werkzaamheden";"Ontwerp en ontwikkeling web-applicaties ";"Voorn. uitg. door eigen personeel";"Voorn. uitg. door eigen personeel";"% van bedrijven";"16";"14";"17";"19";"19";"24";"24"
"Personeel en ICT";"Type ICT-werkzaamheden";"Ontwerp en ontwikkeling web-applicaties ";"Voorn. uitg. door externe leveranciers";"Voorn. uitg. door externe leveranciers";"% van bedrijven";"58";"56";"58";"61";"62";"61";"64"
"Personeel en ICT";"Type ICT-werkzaamheden";"Ontwerp en ontwikkeling web-applicaties ";"Niet van toepassing";"Niet van toepassing";"% van bedrijven";"26";"30";"25";"21";"19";"16";"11"
"Personeel en ICT";"Type ICT-werkzaamheden";"Ondersteuning van web-applicaties";"Voorn. uitg. door eigen personeel";"Voorn. uitg. door eigen personeel";"% van bedrijven";"20";"16";"21";"25";"27";"38";"43"
"Personeel en ICT";"Type ICT-werkzaamheden";"Ondersteuning van web-applicaties";"Voorn. uitg. door externe leveranciers";"Voorn. uitg. door externe leveranciers";"% van bedrijven";"54";"53";"56";"55";"53";"48";"45"
"Personeel en ICT";"Type ICT-werkzaamheden";"Ondersteuning van web-applicaties";"Niet van toepassing";"Niet van toepassing";"% van bedrijven";"26";"31";"23";"20";"20";"14";"12"
"Personeel en ICT";"Type ICT-werkzaamheden";"ICT-beveiliging/bescherming data        ";"Voorn. uitg. door eigen personeel";"Voorn. uitg. door eigen personeel";"% van bedrijven";"23";"17";"22";"31";"43";"51";"56"
"Personeel en ICT";"Type ICT-werkzaamheden";"ICT-beveiliging/bescherming data        ";"Voorn. uitg. door externe leveranciers";"Voorn. uitg. door externe leveranciers";"% van bedrijven";"65";"66";"69";"63";"52";"45";"41"
"Personeel en ICT";"Type ICT-werkzaamheden";"ICT-beveiliging/bescherming data        ";"Niet van toepassing";"Niet van toepassing";"% van bedrijven";"12";"17";"8";"6";"5";"4";"4"
"Toegang en gebruik internet";"Internet";"Internet";"Internet";"Internet";"% van bedrijven";"100";"100";"100";"100";"100";"100";"100"
"Toegang en gebruik internet";"Internet, naar soort verbinding";"Vast breedband";"Vast breedband";"Vast breedband";"% van bedrijven";"99";"98";"98";"99";"99";"99";"99"
"Toegang en gebruik internet";"Internet, naar soort verbinding";"Mobiel breedband";"Mobiel breedband";"Mobiel breedband";"% van bedrijven";"74";"66";"78";"84";"89";"93";"95"
"Toegang en gebruik internet";"Internet, snelheid snelste verbinding";"Minder dan 2 Megabit per seconde";"Minder dan 2 Megabit per seconde";"Minder dan 2 Megabit per seconde";"% van bedrijven";"0";"0";"0";"0";"0";"0";"0"
"Toegang en gebruik internet";"Internet, snelheid snelste verbinding";"2 tot 10 Megabit per seconde";"2 tot 10 Megabit per seconde";"2 tot 10 Megabit per seconde";"% van bedrijven";"21";"24";"20";"17";"13";"8";"4"
"Toegang en gebruik internet";"Internet, snelheid snelste verbinding";"10 tot 30 Megabit per seconde";"10 tot 30 Megabit per seconde";"10 tot 30 Megabit per seconde";"% van bedrijven";"31";"34";"30";"28";"22";"22";"14"
"Toegang en gebruik internet";"Internet, snelheid snelste verbinding";"30 tot 100 Megabit per seconde";"30 tot 100 Megabit per seconde";"30 tot 100 Megabit per seconde";"% van bedrijven";"29";"28";"30";"31";"35";"34";"29"
"Toegang en gebruik internet";"Internet, snelheid snelste verbinding";"100 Megabit per seconde of meer";"100 Megabit per seconde of meer";"100 Megabit per seconde of meer";"% van bedrijven";"20";"15";"20";"25";"30";"35";"53"
"Toegang en gebruik internet";"Bedrijven met website";"Aantal bedrijven met website";"Aantal bedrijven met website";"Aantal bedrijven met website";"% van bedrijven";"90";"87";"92";"95";"97";"96";"98"
"Toegang en gebruik internet";"Bedrijven met website";"Website bevat";"Online bestellen, boeken of reserveren";"Online bestellen, boeken of reserveren";"% van bedrijven";"35";"34";"36";"33";"38";"37";"41"
"Toegang en gebruik internet";"Bedrijven met website";"Website bevat";"Info over beveiliging en privacy";"Info over beveiliging en privacy";"% van bedrijven";"37";"31";"39";"44";"48";"56";"62"
"Toegang en gebruik internet";"Bedrijven met website";"Website bevat";"Beschrijvingen van producten, prijslijst";"Beschrijvingen van producten, prijslijst";"% van bedrijven";"78";"76";"78";"80";"82";"81";"85"
"Toegang en gebruik internet";"Bedrijven met website";"Website bevat";"Bestelling online volgen";"Bestelling online volgen";"% van bedrijven";"11";"9";"11";"12";"16";"19";"20"
"Toegang en gebruik internet";"Bedrijven met website";"Website bevat";"Productaanpassing door klant";"Productaanpassing door klant";"% van bedrijven";"8";"7";"8";"9";"12";"12";"13"
"Toegang en gebruik internet";"Bedrijven met website";"Website bevat";"Klantspecifieke info voor vaste bezoeker";"Klantspecifieke info voor vaste bezoeker";"% van bedrijven";"29";"26";"29";"29";"37";"39";"45"
"Toegang en gebruik internet";"Bedrijven met website";"Website bevat";"Personeelsadvertenties van bedrijf zelf";"Personeelsadvertenties van bedrijf zelf";"% van bedrijven";"55";"42";"61";"74";"82";"84";"90"
"Toegang en gebruik internet";"Bedrijven met website";"Website bevat";"Verwijzing naar sociale media";"Verwijzing naar sociale media";"% van bedrijven";"55";"49";"56";"62";"66";"71";"83"
"Toegang en gebruik internet";"Mobiel internet verschaft aan werknemers";"Mobiel internet verschaft aan werknemers";"Mobiel internet verschaft aan werknemers";"Mobiel internet verschaft aan werknemers";"% van bedrijven";"72";"64";"76";"82";"89";"92";"94"
"Sociale media";"Sociale media gebruikt";"Sociale media gebruikt";"Sociale media gebruikt";"Sociale media gebruikt";"% van bedrijven";"63";"59";"64";"68";"75";"79";"89"
"Sociale media";"Type sociale media";"Sociale netwerken (bijv. Facebook)";"Sociale netwerken (bijv. Facebook)";"Sociale netwerken (bijv. Facebook)";"% van bedrijven";"61";"56";"61";"64";"70";"75";"87"
"Sociale media";"Type sociale media";"Blogs of microblogs (bijv. Twitter)";"Blogs of microblogs (bijv. Twitter)";"Blogs of microblogs (bijv. Twitter)";"% van bedrijven";"30";"24";"30";"36";"42";"49";"64"
"Sociale media";"Type sociale media";"Multimedia delen (bijv. YouTube)";"Multimedia delen (bijv. YouTube)";"Multimedia delen (bijv. YouTube)";"% van bedrijven";"27";"22";"26";"32";"40";"48";"62"
"Sociale media";"Type sociale media";"Wiki's om kennis te delen";"Wiki's om kennis te delen";"Wiki's om kennis te delen";"% van bedrijven";"6";"4";"6";"9";"12";"17";"26"
"Sociale media";"Gebruik voor";"Marketing producten/bedrijfsimago";"Marketing producten/bedrijfsimago";"Marketing producten/bedrijfsimago";"% van bedrijven die een account op sociale media gebruiken";"84";"83";"85";"86";"84";"85";"86"
"Sociale media";"Gebruik voor";"Meningen klanten, reageren op vragen";"Meningen klanten, reageren op vragen";"Meningen klanten, reageren op vragen";"% van bedrijven die een account op sociale media gebruiken";"47";"45";"47";"49";"50";"59";"61"
"Sociale media";"Gebruik voor";"Betrekken klant bij productontwikkeling";"Betrekken klant bij productontwikkeling";"Betrekken klant bij productontwikkeling";"% van bedrijven die een account op sociale media gebruiken";"33";"33";"33";"34";"34";"38";"37"
"Sociale media";"Gebruik voor";"Samenwerken met zakenrelaties";"Samenwerken met zakenrelaties";"Samenwerken met zakenrelaties";"% van bedrijven die een account op sociale media gebruiken";"40";"39";"41";"45";"42";"43";"45"
"Sociale media";"Gebruik voor";"Werven van personeel";"Werven van personeel";"Werven van personeel";"% van bedrijven die een account op sociale media gebruiken";"60";"52";"61";"69";"74";"79";"79"
"Sociale media";"Gebruik voor";"Kennis uitwisselen binnen het bedrijf";"Kennis uitwisselen binnen het bedrijf";"Kennis uitwisselen binnen het bedrijf";"% van bedrijven die een account op sociale media gebruiken";"32";"28";"32";"38";"40";"46";"53"
"Software / ICT-applicaties";"ERP-software";"ERP-software";"ERP-software";"ERP-software";"% van bedrijven";"43";"30";"48";"65";"71";"73";"71"
"Software / ICT-applicaties";"CRM-software";"Opslag klantgegevens";"Opslag klantgegevens";"Opslag klantgegevens";"% van bedrijven";"45";"38";"48";"58";"62";"64";"67"
"Software / ICT-applicaties";"CRM-software";"Analyse klantgegevens";"Analyse klantgegevens";"Analyse klantgegevens";"% van bedrijven";"28";"23";"30";"38";"42";"43";"43"
"Software / ICT-applicaties";"Supply Chain Management (SCM)";"Bedrijven met SCM";"Bedrijven met SCM";"Bedrijven met SCM";"% van bedrijven";"21";"15";"21";"31";"39";"46";"51"
"Software / ICT-applicaties";"Supply Chain Management (SCM)";"Gebruik SCM-methode";"Via websites";"Via websites";"% van bedrijven";"15";"10";"15";"21";"28";"33";"39"
"Software / ICT-applicaties";"Supply Chain Management (SCM)";"Gebruik SCM-methode";"Via automatische verwerking";"Via automatische verwerking";"% van bedrijven";"16";"9";"16";"24";"34";"42";"46"
"ICT-beveiligingsbeleid";"Bedrijven met ICT-beveiligingsbeleid";"Bedrijven met ICT-beveiligingsbeleid";"Bedrijven met ICT-beveiligingsbeleid";"Bedrijven met ICT-beveiligingsbeleid";"% van bedrijven";"31";"21";"31";"46";"57";"64";"75"
"ICT-beveiligingsbeleid";"Behandelde risico's ";"Vernietiging of verminking gegevens ";"Vernietiging of verminking gegevens ";"Vernietiging of verminking gegevens ";"% van bedrijven met ICT-beveiligingsbeleid";"80";"77";"79";"84";"85";"81";"87"
"ICT-beveiligingsbeleid";"Behandelde risico's ";"Onthulling van vertrouwelijke gegevens";"Onthulling van vertrouwelijke gegevens";"Onthulling van vertrouwelijke gegevens";"% van bedrijven met ICT-beveiligingsbeleid";"80";"77";"81";"82";"82";"82";"84"
"ICT-beveiligingsbeleid";"Behandelde risico's ";"Uitval van ICT-diensten";"Uitval van ICT-diensten";"Uitval van ICT-diensten";"% van bedrijven met ICT-beveiligingsbeleid";"77";"74";"77";"80";"79";"77";"83"
"ICT-beveiligingsbeleid";"Werd voor het laatst herzien";"12 maanden of korter geleden";"12 maanden of korter geleden";"12 maanden of korter geleden";"% van bedrijven met ICT-beveiligingsbeleid";"67";"69";"67";"65";"69";"62";"66"
"ICT-beveiligingsbeleid";"Werd voor het laatst herzien";"13  t/m 24 maanden geleden";"13  t/m 24 maanden geleden";"13  t/m 24 maanden geleden";"% van bedrijven met ICT-beveiligingsbeleid";"17";"13";"17";"21";"21";"23";"20"
"ICT-beveiligingsbeleid";"Werd voor het laatst herzien";"Langer dan 24 maanden geleden";"Langer dan 24 maanden geleden";"Langer dan 24 maanden geleden";"% van bedrijven met ICT-beveiligingsbeleid";"16";"19";"16";"14";"10";"16";"14"
"Elektronische facturen";"Wijze van verzending van facturen";"E-factuur";"E-factuur";"E-factuur";"in % van verzonden facturen";"5";"4";"5";"7";"9";"11";"15"
"Elektronische facturen";"Wijze van verzending van facturen";"Elektronisch, maar geen e-factuur";"Elektronisch, maar geen e-factuur";"Elektronisch, maar geen e-factuur";"in % van verzonden facturen";"24";"23";"26";"26";"24";"23";"16"
"Elektronische facturen";"Wijze van verzending van facturen";"In papieren vorm";"In papieren vorm";"In papieren vorm";"in % van verzonden facturen";"70";"72";"69";"67";"67";"66";"69"
"Elektronische facturen";"Wijze van ontvangst van facturen";"E-factuur";"E-factuur";"E-factuur";"in % van ontvangen facturen";"5";"5";"5";"6";"6";"8";"13"
"Elektronische facturen";"Wijze van ontvangst van facturen";"Elektronisch, maar geen e-factuur";"Elektronisch, maar geen e-factuur";"Elektronisch, maar geen e-factuur";"in % van ontvangen facturen";"29";"28";"29";"29";"29";"28";"24"
"Elektronische facturen";"Wijze van ontvangst van facturen";"In papieren vorm";"In papieren vorm";"In papieren vorm";"in % van ontvangen facturen";"66";"67";"66";"65";"66";"64";"63"
"Elektronische facturen";"Elektronische facturen verzonden";"Elektronische facturen verzonden";"Elektronische facturen verzonden";"Elektronische facturen verzonden";"% van bedrijven";"54";"50";"56";"62";"62";"59";"56"
"Elektronische facturen";"Elektronische facturen ontvangen";"Elektronische facturen ontvangen";"Elektronische facturen ontvangen";"Elektronische facturen ontvangen";"% van bedrijven";"79";"77";"80";"81";"80";"79";"78"
"E-commerce in 2014";"Gebruik voor verkoop";"Verkoop via e-commerce";"Verkoop via e-commerce";"Verkoop via e-commerce";"% van bedrijven";"24";"21";"24";"27";"32";"35";"34"
"E-commerce in 2014";"Gebruik voor verkoop";"Verkoopwaarde < 1% van de totale omzet";"Verkoopwaarde < 1% van de totale omzet";"Verkoopwaarde < 1% van de totale omzet";"% van bedrijven";"8";"7";"8";"9";"10";"12";"14"
"E-commerce in 2014";"Gebruik voor verkoop";"Verkoopwaarde >= 1% van de totale omzet";"Verkoopwaarde >= 1% van de totale omzet";"Verkoopwaarde >= 1% van de totale omzet";"% van bedrijven";"16";"14";"17";"18";"22";"23";"20"
"E-commerce in 2014";"Gebruik voor verkoop";"Verkoopwaarde >= 2% van de totale omzet";"Verkoopwaarde >= 2% van de totale omzet";"Verkoopwaarde >= 2% van de totale omzet";"% van bedrijven";"14";"12";"15";"16";"20";"21";"18"
"E-commerce in 2014";"Gebruik voor verkoop";"Verkoopwaarde >= 5% van de totale omzet";"Verkoopwaarde >= 5% van de totale omzet";"Verkoopwaarde >= 5% van de totale omzet";"% van bedrijven";"12";"10";"12";"13";"17";"18";"15"
"E-commerce in 2014";"Gebruik voor verkoop";"Verkoopwaarde >= 10% van de totale omzet";"Verkoopwaarde >= 10% van de totale omzet";"Verkoopwaarde >= 10% van de totale omzet";"% van bedrijven";"10";"8";"10";"11";"15";"15";"13"
"E-commerce in 2014";"Gebruik voor verkoop";"Verkoopwaarde >= 25% van de totale omzet";"Verkoopwaarde >= 25% van de totale omzet";"Verkoopwaarde >= 25% van de totale omzet";"% van bedrijven";"7";"5";"8";"8";"12";"11";"9"
"E-commerce in 2014";"Gebruik voor verkoop";"Verkoopwaarde >= 50% van de totale omzet";"Verkoopwaarde >= 50% van de totale omzet";"Verkoopwaarde >= 50% van de totale omzet";"% van bedrijven";"4";"3";"5";"5";"6";"6";"7"
"E-commerce in 2014";"Gebruik voor verkoop";"Via een website/app";"Verkoop via een website/app";"Verkoop via een website/app";"% van bedrijven";"20";"18";"21";"19";"22";"23";"26"
"E-commerce in 2014";"Gebruik voor verkoop";"Via een website/app";"Verkoopwaarde < 1% van de totale omzet";"Verkoopwaarde < 1% van de totale omzet";"% van bedrijven";"7";"6";"8";"8";"8";"8";"12"
"E-commerce in 2014";"Gebruik voor verkoop";"Via een website/app";"Verkoopwaarde >= 1% van de totale omzet";"Verkoopwaarde >= 1% van de totale omzet";"% van bedrijven";"13";"12";"14";"11";"14";"15";"13"
"E-commerce in 2014";"Gebruik voor verkoop";"Via een website/app";"Verkoopwaarde >= 2% van de totale omzet";"Verkoopwaarde >= 2% van de totale omzet";"% van bedrijven";"11";"10";"11";"10";"12";"13";"12"
"E-commerce in 2014";"Gebruik voor verkoop";"Via een website/app";"Verkoopwaarde >= 5% van de totale omzet";"Verkoopwaarde >= 5% van de totale omzet";"% van bedrijven";"9";"9";"9";"8";"10";"10";"9"
"E-commerce in 2014";"Gebruik voor verkoop";"Via een website/app";"Verkoopwaarde >= 10% van de totale omzet";"Verkoopwaarde >= 10% van de totale omzet";"% van bedrijven";"7";"7";"8";"6";"8";"9";"7"
"E-commerce in 2014";"Gebruik voor verkoop";"Via een website/app";"Verkoopwaarde >= 25% van de totale omzet";"Verkoopwaarde >= 25% van de totale omzet";"% van bedrijven";"5";"4";"5";"4";"5";"5";"4"
"E-commerce in 2014";"Gebruik voor verkoop";"Via een website/app";"Verkoopwaarde >= 50% van de totale omzet";"Verkoopwaarde >= 50% van de totale omzet";"% van bedrijven";"3";"3";"4";"2";"3";"2";"2"
"E-commerce in 2014";"Gebruik voor verkoop";"Via een website/app";"Naar afnemer";"Nederlandse consumenten";"in % van omzet via website/app";"40";"43";"39";"36";"34";"39";"47"
"E-commerce in 2014";"Gebruik voor verkoop";"Via een website/app";"Naar afnemer";"Buitenlandse consumenten";"in % van omzet via website/app";"4";"4";"4";"3";"4";"4";"6"
"E-commerce in 2014";"Gebruik voor verkoop";"Via een website/app";"Naar afnemer";"Bedrijven";"in % van omzet via website/app";"51";"49";"52";"57";"57";"52";"39"
"E-commerce in 2014";"Gebruik voor verkoop";"Via een website/app";"Naar afnemer";"Overheden";"in % van omzet via website/app";"4";"4";"4";"4";"5";"5";"8"
"E-commerce in 2014";"Gebruik voor verkoop";"Via een website/app";"Naar regio";"Klanten in Nederland";"in % van omzet via website/app";"89";"90";"88";"89";"86";"85";"87"
"E-commerce in 2014";"Gebruik voor verkoop";"Via een website/app";"Naar regio";"Klanten in andere EU-landen";"in % van omzet via website/app";"9";"8";"10";"9";"10";"13";"8"
"E-commerce in 2014";"Gebruik voor verkoop";"Via een website/app";"Naar regio";"Klanten in landen buiten de EU";"in % van omzet via website/app";"3";"2";"2";"2";"4";"3";"4"
"E-commerce in 2014";"Gebruik voor verkoop";"Via EDI";"Verkoop via EDI";"Verkoop via EDI";"% van bedrijven";"7";"4";"6";"11";"16";"19";"17"
"E-commerce in 2014";"Gebruik voor verkoop";"Via EDI";"Verkoopwaarde < 1% van de totale omzet";"Verkoopwaarde < 1% van de totale omzet";"% van bedrijven";"2";"1";"2";"4";"5";"8";"6"
"E-commerce in 2014";"Gebruik voor verkoop";"Via EDI";"Verkoopwaarde >= 1% van de totale omzet";"Verkoopwaarde >= 1% van de totale omzet";"% van bedrijven";"4";"2";"4";"8";"11";"12";"11"
"E-commerce in 2014";"Gebruik voor verkoop";"Via EDI";"Verkoopwaarde >= 2% van de totale omzet";"Verkoopwaarde >= 2% van de totale omzet";"% van bedrijven";"4";"2";"4";"7";"11";"11";"10"
"E-commerce in 2014";"Gebruik voor verkoop";"Via EDI";"Verkoopwaarde >= 5% van de totale omzet";"Verkoopwaarde >= 5% van de totale omzet";"% van bedrijven";"3";"2";"3";"6";"9";"9";"9"
"E-commerce in 2014";"Gebruik voor verkoop";"Via EDI";"Verkoopwaarde >= 10% van de totale omzet";"Verkoopwaarde >= 10% van de totale omzet";"% van bedrijven";"3";"1";"3";"5";"8";"7";"8"
"E-commerce in 2014";"Gebruik voor verkoop";"Via EDI";"Verkoopwaarde >= 25% van de totale omzet";"Verkoopwaarde >= 25% van de totale omzet";"% van bedrijven";"2";"1";"2";"4";"6";"5";"6"
"E-commerce in 2014";"Gebruik voor verkoop";"Via EDI";"Verkoopwaarde >= 50% van de totale omzet";"Verkoopwaarde >= 50% van de totale omzet";"% van bedrijven";"1";"0";"1";"2";"3";"4";"4"
"E-commerce in 2014";"Gebruik voor verkoop";"Via EDI";"Naar regio";"Klanten in Nederland";"in % van omzet via EDI";"78";"87";"79";"74";"71";"68";"77"
"E-commerce in 2014";"Gebruik voor verkoop";"Via EDI";"Naar regio";"Klanten in andere EU-landen";"in % van omzet via EDI";"18";"9";"19";"23";"25";"25";"12"
"E-commerce in 2014";"Gebruik voor verkoop";"Via EDI";"Naar regio";"Klanten in landen buiten de EU";"in % van omzet via EDI";"4";"3";"3";"3";"4";"7";"11"
"E-commerce in 2014";"Gebruik voor inkoop";"Inkoop via e-commerce";"Inkoop via e-commerce";"Inkoop via e-commerce";"% van bedrijven";"47";"45";"48";"49";"50";"56";"62"
"E-commerce in 2014";"Gebruik voor inkoop";"Inkoopwaarde < 1% van de totale inkoop";"Inkoopwaarde < 1% van de totale inkoop";"Inkoopwaarde < 1% van de totale inkoop";"% van bedrijven";"22";"20";"22";"25";"28";"26";"29"
"E-commerce in 2014";"Gebruik voor inkoop";"Inkoopwaarde >= 1% van de totale inkoop";"Inkoopwaarde >= 1% van de totale inkoop";"Inkoopwaarde >= 1% van de totale inkoop";"% van bedrijven";"25";"25";"26";"24";"22";"29";"33"
"E-commerce in 2014";"Gebruik voor inkoop";"Inkoopwaarde >= 2% van de totale inkoop";"Inkoopwaarde >= 2% van de totale inkoop";"Inkoopwaarde >= 2% van de totale inkoop";"% van bedrijven";"22";"21";"23";"22";"18";"26";"30"
"E-commerce in 2014";"Gebruik voor inkoop";"Inkoopwaarde >= 5% van de totale inkoop";"Inkoopwaarde >= 5% van de totale inkoop";"Inkoopwaarde >= 5% van de totale inkoop";"% van bedrijven";"18";"16";"19";"17";"16";"21";"26"
"E-commerce in 2014";"Gebruik voor inkoop";"Inkoopwaarde >= 10% van de totale inkoop";"Inkoopwaarde >= 10% van de totale inkoop";"Inkoopwaarde >= 10% van de totale inkoop";"% van bedrijven";"15";"14";"16";"15";"13";"17";"23"
"E-commerce in 2014";"Gebruik voor inkoop";"Inkoopwaarde >= 25% van de totale inkoop";"Inkoopwaarde >= 25% van de totale inkoop";"Inkoopwaarde >= 25% van de totale inkoop";"% van bedrijven";"11";"11";"11";"11";"9";"11";"15"
"E-commerce in 2014";"Gebruik voor inkoop";"Inkoopwaarde >= 50% van de totale inkoop";"Inkoopwaarde >= 50% van de totale inkoop";"Inkoopwaarde >= 50% van de totale inkoop";"% van bedrijven";"8";"8";"8";"7";"5";"8";"10"
"E-commerce in 2014";"Gebruik voor inkoop";"Via een website/app";"Inkoop via een website/app";"Inkoop via een website/app";"% van bedrijven";"46";"44";"47";"47";"47";"51";"54"
"E-commerce in 2014";"Gebruik voor inkoop";"Via een website/app";"Inkoopwaarde < 1% van de totale inkoop";"Inkoopwaarde < 1% van de totale inkoop";"% van bedrijven";"22";"19";"23";"26";"27";"26";"27"
"E-commerce in 2014";"Gebruik voor inkoop";"Via een website/app";"Inkoopwaarde >= 1% van de totale inkoop";"Inkoopwaarde >= 1% van de totale inkoop";"% van bedrijven";"24";"24";"24";"22";"19";"25";"27"
"E-commerce in 2014";"Gebruik voor inkoop";"Via een website/app";"Inkoopwaarde >= 2% van de totale inkoop";"Inkoopwaarde >= 2% van de totale inkoop";"% van bedrijven";"20";"20";"21";"19";"15";"21";"24"
"E-commerce in 2014";"Gebruik voor inkoop";"Via een website/app";"Inkoopwaarde >= 5% van de totale inkoop";"Inkoopwaarde >= 5% van de totale inkoop";"% van bedrijven";"16";"16";"17";"15";"13";"17";"21"
"E-commerce in 2014";"Gebruik voor inkoop";"Via een website/app";"Inkoopwaarde >= 10% van de totale inkoop";"Inkoopwaarde >= 10% van de totale inkoop";"% van bedrijven";"13";"13";"14";"13";"10";"13";"17"
"E-commerce in 2014";"Gebruik voor inkoop";"Via een website/app";"Inkoopwaarde >= 25% van de totale inkoop";"Inkoopwaarde >= 25% van de totale inkoop";"% van bedrijven";"10";"10";"10";"10";"8";"8";"11"
"E-commerce in 2014";"Gebruik voor inkoop";"Via een website/app";"Inkoopwaarde >= 50% van de totale inkoop";"Inkoopwaarde >= 50% van de totale inkoop";"% van bedrijven";"7";"7";"7";"6";"4";"5";"7"
"E-commerce in 2014";"Gebruik voor inkoop";"Via een website/app";"Naar regio";"Aanbieders in Nederland";"in % van inkoop via website/app";"91";"92";"91";"91";"90";"90";"89"
"E-commerce in 2014";"Gebruik voor inkoop";"Via een website/app";"Naar regio";"Aanbieders in andere EU-landen";"in % van inkoop via website/app";"7";"6";"7";"7";"8";"7";"6"
"E-commerce in 2014";"Gebruik voor inkoop";"Via een website/app";"Naar regio";"Aanbieders in landen buiten de EU";"in % van inkoop via website/app";"2";"2";"2";"3";"3";"4";"5"
"E-commerce in 2014";"Gebruik voor inkoop";"Via EDI";"Inkoop via EDI";"Inkoop via EDI";"% van bedrijven";"5";"4";"5";"6";"8";"13";"18"
"E-commerce in 2014";"Gebruik voor inkoop";"Via EDI";"Inkoopwaarde < 1% van de totale inkoop";"Inkoopwaarde < 1% van de totale inkoop";"% van bedrijven";"2";"2";"2";"2";"3";"6";"10"
"E-commerce in 2014";"Gebruik voor inkoop";"Via EDI";"Inkoopwaarde >= 1% van de totale inkoop";"Inkoopwaarde >= 1% van de totale inkoop";"% van bedrijven";"3";"2";"3";"3";"5";"6";"8"
"E-commerce in 2014";"Gebruik voor inkoop";"Via EDI";"Inkoopwaarde >= 2% van de totale omzet";"Inkoopwaarde >= 2% van de totale omzet";"% van bedrijven";"2";"1";"3";"3";"4";"6";"8"
"E-commerce in 2014";"Gebruik voor inkoop";"Via EDI";"Inkoopwaarde >= 5% van de totale inkoop";"Inkoopwaarde >= 5% van de totale inkoop";"% van bedrijven";"2";"1";"3";"3";"3";"6";"7"
"E-commerce in 2014";"Gebruik voor inkoop";"Via EDI";"Inkoopwaarde >= 10% van de totale inkoop";"Inkoopwaarde >= 10% van de totale inkoop";"% van bedrijven";"2";"1";"2";"3";"3";"5";"6"
"E-commerce in 2014";"Gebruik voor inkoop";"Via EDI";"Inkoopwaarde >= 25% van de totale inkoop";"Inkoopwaarde >= 25% van de totale inkoop";"% van bedrijven";"1";"1";"2";"2";"2";"3";"4"
"E-commerce in 2014";"Gebruik voor inkoop";"Via EDI";"Inkoopwaarde >= 50% van de totale inkoop";"Inkoopwaarde >= 50% van de totale inkoop";"% van bedrijven";"1";"1";"1";"1";"1";"3";"3"
"E-commerce in 2014";"Gebruik voor inkoop";"Via EDI";"Naar regio";"Aanbieders in Nederland";"in % van inkoop via EDI";"84";"81";"90";"89";"77";"75";"83"
"E-commerce in 2014";"Gebruik voor inkoop";"Via EDI";"Naar regio";"Aanbieders in andere EU-landen";"in % van inkoop via EDI";"13";"15";"9";"9";"19";"18";"11"
"E-commerce in 2014";"Gebruik voor inkoop";"Via EDI";"Naar regio";"Aanbieders in landen buiten de EU";"in % van inkoop via EDI";"3";"4";"0";"2";"4";"7";"6"
"© Centraal Bureau voor de Statistiek, Den Haag/Heerlen 8-2-2017"
